BEGIN;

INSERT INTO channels (name) VALUE
  ("アニメ"),
  ("バラエティ"),
  ("恋愛"),
  ("映画"),
  ("ドラマ"),
  ("スポーツ"),
  ("ニュース"),
  ("韓流・華流"),
  ("K-POP"),
  ("将棋"),
  ("麻雀"),
  ("HIPHOP"),
  ("格闘"),
  ("ドキュメンタリー"),
  ("音楽")
;

INSERT INTO genres (name) VALUE
  ("アニメ"),
  ("バラエティ"),
  ("恋愛"),
  ("映画"),
  ("ドラマ"),
  ("スポーツ"),
  ("ニュース"),
  ("韓流・華流"),
  ("K-POP"),
  ("将棋"),
  ("麻雀"),
  ("HIPHOP"),
  ("格闘"),
  ("ドキュメンタリー"),
  ("音楽")
;

INSERT INTO programs (title, description) VALUE
  ("美味しい冒険: 世界の味巡り", "世界中の美味しい食べ物を巡る番組。"),
  ("星の冒険者たち: 遥かなる宇宙の旅", NULL),
  ("コメディナイト", "笑いを提供するコメディアンたちのショー"),
  ("ミステリータイム", "犯罪を解決するために謎を追求するシリーズ"),
  ("キッチンマスターズ", "シェフたちが競い合うクッキングショー"),
  ("夢の探求者", "夢を追いかける人々のストーリーを追うドキュメンタリー"),
  ("恋する星座占い", "星座占いの力で恋愛を成功させるヒント"),
  ("アクションマニア", "アクション映画の舞台裏とスタントマンの生活"),
  ("スポーツマニア", "様々なスポーツイベントとアスリートのインタビュー"),
  ("ニュースワールド", "最新の国際ニュースと分析"),
  ("K-POPライブ", "韓国の最新K-POPアーティストのライブパフォーマンス"),
  ("将棋の駒たち", "将棋の名勝負とプロプレイヤーの対局"),
  ("麻雀の魔法", "プロ麻雀プレイヤーの戦略と麻雀の楽しみ方"),
  ("HIPHOPエクスプロージョン", "HIPHOPカルチャーとアーティストの特集"),
  ("闘志のリング", "格闘家たちのトレーニングと試合の模様"),
  ("音楽の旅路", "世界中の音楽の歴史とアーティストの旅"),
  ("冒険者の記録", "冒険者が未知の地を探索し新たな発見をする"),
  ("秘密の恋", "秘密の恋愛を描いたロマンスドラマ"),
  ("宇宙への旅", "宇宙探査と宇宙飛行士の日常生活"),
  ("メロディ・メイヘム", "音楽コンテストで競い合う才能ある歌手たち"),
  ("アスリートの魂", "アスリートたちの人生と競技への情熱"),
  ("アニメの冒険", "ファンタジーの世界で繰り広げられる冒険"),
  ("名作映画特集", "古典的な映画作品の解説と評価"),
  ("ドラマの舞台裏", "ドラマシリーズの制作と俳優のインタビュー"),
  ("新たな視点", "社会問題に焦点を当てたドキュメンタリーシリーズ"),
  ("音楽の祭典", "音楽フェスティバルのライブパフォーマンスとバックステージ"),
  ("未来への挑戦", "新技術と革新的なアイデアに焦点を当てた番組"),
  ("コメディマスターズ", "コメディアンたちの名場面とバラエティコント"),
  ("恋愛実験室", "恋愛心理学と実験を取り入れたリアリティ番組"),
  ("歴史の謎", "未解決の歴史的な謎とその解明の試み"),
  ("スポーツライフ", "アスリートたちの日常生活とトレーニング"),
  ("世界の声", "国際問題と国際関係に焦点を当てた番組"),
  ("K-POPウェイブ", "K-POPアーティストの音楽とファッションの世界"),
  ("将棋の攻防", "プロ将棋プレイヤーの戦略と対局の模様"),
  ("麻雀の奥義", "麻雀の高度な戦術とプロプレイヤーの秘訣"),
  ("HIPHOPライフ", "HIPHOPカルチャーとアーティストの生活"),
  ("闘魂の闘い", "格闘家たちの強靭な精神と試合の様子"),
  ("音楽の神秘", "音楽の創造過程とアーティストのインタビュー"),
  ("自然との対話", "自然保護活動家と自然環境のドキュメンタリー"),
  ("笑いの宝庫", "コメディアンたちの面白いエピソードとスケッチ"),
  ("恋愛の魔法", "恋愛専門家による恋愛のアドバイスと成功ストーリー"),
  ("星の旅", "宇宙探査と惑星の謎を解明するシリーズ"),
  ("ボーカルバトル", "歌唱力を競い合う歌手たちのリアリティ番組"),
  ("アスリートの挑戦", "アスリートたちが困難に立ち向かう姿を追う"),
  ("ファンタジーアニメ", "魔法と冒険が織り成すファンタジーアニメーション"),
  ("映画の秘密", "映画製作の舞台裏とハリウッドのエピソード"),
  ("ドラマの魅力", "ドラマの登場人物と感情豊かなストーリーライン"),
  ("世界の真実", "国際的な問題と解決策に焦点を当てたドキュメンタリー"),
  ("音楽の魔法", "音楽アーティストたちの魔法のパフォーマンス"),
  ("未来の探求", "革新的な技術と未来の可能性を探る番組"),
  ("コメディの夜", "コメディアンたちの笑いの宴とスタンドアップ"),
  ("恋の冒険", "恋愛と冒険が交錯するロマンティックドラマ"),
  ("星座の謎", "星座と宇宙の謎に迫るドキュメンタリーシリーズ"),
  ("スポーツの舞台裏", "スポーツイベントの制作とアスリートの努力"),
  ("国際報道", "世界中の重要なニュースと国際関係について"),
  ("K-POPアワード", "K-POPアーティストの栄誉ある表彰式"),
  ("将棋の心", "将棋の心理学とプロプレイヤーの駆け引き"),
  ("麻雀の魅力", "麻雀の戦略と楽しみ方を紹介する番組"),
  ("HIPHOPヒストリー", "HIPHOPの歴史とアーティストの功績"),
  ("格闘の闘い", "格闘家たちの魅力的な対決と試合の模様"),
  ("音楽の旅路", "音楽の歴史とアーティストの旅"),
  ("自然との共感", "自然環境保護活動家と自然界の美しさ"),
  ("笑いの王国", "コメディアンたちが笑いを提供するバラエティショー"),
  ("恋の秘密", "恋愛の秘密とアドバイスを提供する番組"),
  ("宇宙の謎", "宇宙の謎と宇宙探査の最新情報"),
  ("音楽バトル", "音楽コンテストで才能ある歌手たちが競い合う"),
  ("アスリートの挑戦", "アスリートたちの困難に立ち向かう姿勢を追う"),
  ("ファンタジーアドベンチャー", "魔法と冒険が織り成すファンタジーアニメ"),
  ("名作映画の秘密", "名作映画の製作秘話と舞台裏のエピソード"),
  ("ドラマの魅力", "ドラマの魅力と登場人物たちの物語"),
  ("世界の真実", "国際問題とその解決策に焦点を当てた番組"),
  ("音楽の魔法", "音楽アーティストたちの魔法のステージ"),
  ("未来の探求者", "未来の可能性と革新的なアイデアに焦点"),
  ("コメディの夜", "コメディアンたちの笑いの宴とスタンドアップコメディ"),
  ("恋愛の魔法", "恋愛の魔法と成功した恋愛の秘訣"),
  ("宇宙の奥深さ", "宇宙の謎と宇宙探査の最新情報"),
  ("音楽の楽園", "音楽フェスティバルの素晴らしいライブパフォーマンス"),
  ("未来への挑戦", "未来の技術と可能性に焦点を当てる番組"),
  ("笑いの王国", "コメディアンたちが笑いを提供するバラエティショー"),
  ("恋の秘密", "恋愛の秘密と成功の秘訣を探る番組"),
  ("宇宙の謎", "宇宙の謎と宇宙探査の新たな発見"),
  ("音楽バトル", "音楽コンテストで才能ある歌手たちが競い合う"), 
  ("魔法の学園物語: 魔法使いの冒険", NULL),
  ("未来都市ネオトロン: サイバーパンクの謎", NULL),
  ("笑いの宴", "笑いの宴で視聴者を楽しませるお笑いバラエティ番組。"),
  ("愛の冒険", "恋愛に関するさまざまな冒険を描く恋愛バラエティ番組。"),
  ("スクリーンマジック", "最新の映画情報や評論を紹介する映画情報番組。"),
  ("街のドラマ", "日常生活の中で繰り広げられる人間ドラマを描くドラマシリーズ。"),
  ("スポーツフィーバー", "様々なスポーツイベントのハイライトや解説を提供するスポーツ番組。"),
  ("今日のヘッドライン", "最新の国内外のニュースを報道し、情報を提供するニュース番組。"),
  ("K-POPの世界", "K-POPの最新情報や音楽ビデオを紹介する音楽番組。"),
  ("将棋大戦", "プロの将棋棋士たちが戦う将棋バラエティ番組。"),
  ("麻雀王者決定戦", "麻雀プロの王者たちが対決する麻雀トーナメント番組。"),
  ("HIPHOPバトル", "HIPHOPアーティストたちがバトルし、スキルを競う音楽バトル番組。"),
  ("格闘の舞台", "格闘技の試合やトレーニングを紹介する格闘スポーツ番組。"),
  ("世界の奇跡", "世界中の驚くべき出来事と奇跡を取材するドキュメンタリーシリーズ。"),
  ("音楽の旅", "音楽の旅で世界中の音楽と文化を紹介する音楽番組。"),
  ("料理マスター", "シェフたちが美味しい料理を作り、視聴者にアイデアを提供する料理番組。"),
  ("自然の秘密", "自然の美しさと神秘を探求する自然ドキュメンタリーシリーズ。"),
  ("音楽スタジオ", "アーティストたちが音楽制作の裏側を紹介し、スタジオでの創造活動を追う番組。")
;

INSERT INTO programs_genres (program_id, genre_id) VALUE 
  (1, 2),
  (2, 1),
  (3, 2),
  (4, 5),
  (5, 2),
  (6, 14),
  (7, 3),
  (8, 4),
  (9, 6),
  (10, 7),
  (11, 9),
  (12, 10),
  (13, 11),
  (14, 12),
  (15, 13),
  (16, 15),
  (17, 14),
  (18, 3),
  (19, 14),
  (20, 15),
  (21, 6),
  (22, 1),
  (23, 4),
  (24, 5),
  (25, 14),
  (26, 15),
  (27, 14),
  (28, 2),
  (29, 3),
  (30, 14),
  (31, 6),
  (32, 7),
  (33, 9),
  (34, 10),
  (35, 11),
  (36, 12),
  (37, 13),
  (38, 15),
  (39, 14),
  (40, 2),
  (41, 3),
  (42, 14),
  (43, 15),
  (44, 6),
  (45, 1),
  (46, 4),
  (47, 5),
  (48, 14),
  (49, 15),
  (50, 14),
  (51, 2),
  (52, 3),
  (53, 14),
  (54, 6),
  (55, 7),
  (56, 9),
  (57, 10),
  (58, 11),
  (59, 12),
  (60, 13),
  (61, 15),
  (62, 14),
  (63, 2),
  (64, 3),
  (65, 14),
  (66, 15),
  (67, 6),
  (68, 1),
  (69, 4),
  (70, 5),
  (71, 14),
  (72, 15),
  (73, 14),
  (74, 2),
  (75, 3),
  (76, 14),
  (77, 15),
  (78, 14),
  (79, 2),
  (80, 3),
  (81, 14),
  (82, 15),
  (83, 1),
  (84, 1),
  (85, 2),
  (86, 3),
  (87, 4),
  (88, 5),
  (89, 6),
  (90, 7),
  (91, 9),
  (92, 10),
  (93, 11),
  (94, 12),
  (95, 13),
  (96, 14),
  (97, 15),
  (98, 2),
  (99, 14),
  (100, 15)
;

INSERT INTO episodes (program_id, title, description, number_of_episode, number_of_season) VALUE 
  (1, "日本の寿司探訪", "日本全国を巡り、新鮮な寿司を堪能しながら職人の技術を紹介", 1, NULL),
  (1, "イタリアのピザ探求", "ナポリからシチリアまでイタリアのピザの多彩なバリエーションを探る", 2, NULL),
  (1, "フランスのワインとチーズ", "フランスの美食文化を堪能し、ワインとチーズのペアリングを試みる", 3, NULL),
  (1, "タイのストリートフード", "バンコクの繁華街で本格的なタイ料理を味わい、ローカルの味を体験", 4, NULL),
  (1, "メキシコのタコス冒険", "メキシコのタコスの種類とアレンジを試しながら、地元の文化を紐解く", 5, NULL),
  (1, "インドのカレーツアー", "スパイスとフレーバーに溢れたインドのカレーを探し、調理法を学ぶ", 6, NULL),
  (1, "中華街の味覚冒険", "世界中の中華街で様々な中国料理を試し、歴史と伝統を追求", 7, NULL),
  (1, "ベトナムのフォーグルメ", "ベトナムのフォーのバリエーションを堪能し、ストリートフードに迫る", 8, NULL),
  (1, "アフリカのサファリ料理", "大自然の中でサファリを楽しみつつ、アフリカの伝統的な料理を発見", 9, NULL),
  (1, "アメリカのバーベキューロードトリップ", "アメリカ各地でバーベキューのアートを学び、名物肉料理を食べ比べ", 10, NULL),
  (2, "星の謎に挑戦", "宇宙の未知の星々を探索する冒険者たちが、謎の星に挑戦します。", 1, NULL),
  (2, "新たな仲間の出会い", "主人公が新たな仲間と出会い、彼らと共に宇宙を冒険する決意を固めます。", 2, NULL),
  (2, "星間戦争の勃発", "宇宙の異星人たちとの緊迫した戦争が勃発し、冒険者たちは平和を取り戻すために戦います。", 3, NULL),
  (2, "未知の生命体との接触", "冒険者たちは未知の生命体との初めての接触を経験し、その謎を解明しようとします。", 4, NULL),
  (2, "宇宙の探検", "宇宙の奥深くにある秘密を解き明かすため、冒険者たちは大胆な探検に挑みます。", 5, NULL),
  (2, "友情の試練", "冒険者たちの友情が試される瞬間が訪れ、彼らは危機を乗り越えようとします。", 6, NULL),
  (2, "宇宙の闇の脅威", "宇宙を襲う闇の脅威が現れ、冒険者たちは宇宙の存亡にかけて立ち向かいます。", 7, NULL),
  (2, "過去の謎解き", "主人公が過去の謎を解き明かし、宇宙の運命を変える手がかりを見つけます。", 8, NULL),
  (2, "最終決戦の幕開け", "宇宙の最終決戦が幕開け、冒険者たちは全力で敵に立ち向かいます。", 9, NULL),
  (2, "星の平和の復活", "冒険者たちが最終的に星々の平和を取り戻し、宇宙を救うことに成功します。", 10, NULL),
  (3, "爆笑の幕開け", "新たなエピソードがスタートし、笑いの連続が始まります。", 1, NULL),
  (3, "ゲストのおしゃべり", "人気芸能人がゲストとして登場し、面白いエピソードを披露します。", 2, NULL),
  (3, "お笑い対決", "お笑い芸人たちが対決し、笑いの大会が開催されます。", 3, NULL),
  (3, "スタジオの大騒動", "スタジオ内で予測不可能な騒動が勃発し、笑いが絶えません。", 4, NULL),
  (3, "コメディクリスマス", "特別なクリスマスエピソードで、笑いと感動が詰まっています。", 5, NULL),
  (3, "お笑いの宝探し", "お笑いの宝を探しに冒険に出かけ、笑いと冒険が織り交ざります。", 6, NULL),
  (3, "ャグ王決定戦", "ギャグ王の座をかけた大会が開催され、笑いのバトルが繰り広げられます。", 7, NULL),
  (3, "コメディ夢の共演", "夢の共演が実現し、笑いと感動が満ち溢れます。", 8, NULL),
  (3, "笑いの大団円", "シーズンのフィナーレで、笑いの大団円が迎えられます。", 9, NULL),
  (3, "次なる冒険へ", "新たなシーズンへの期待を込めて、笑顔で次なる冒険に挑みます。", 10, NULL),
  (4, "秘密の扉", "探偵が新たな事件に巻き込まれ、秘密の扉を開ける手がかりを探します。", 1, 1),
  (4, "謎の失踪", "主人公は友人の失踪事件に取り組み、謎めいた事件の真相を追求します。", 2, 1),
  (4, "影の追跡者", "謎の追跡者が登場し、主人公を狙います。彼らは彼を追い詰めます。", 3, 1),
  (4, "幽霊の告白", "幽霊の姿を見たという目撃証言があり、主人公は幽霊の謎を解き明かします。", 4, 1),
  (4, "密室の謎", "密室殺人事件が発生し、主人公はその謎を解くために奔走します。", 5, 1),
  (4, "遺産の秘密", "遺産を巡る闘いが勃発し、主人公は遺産の秘密を明らかにしようとします。", 6, 1),
  (4, "裏切りの影", "友情が裏切りによって崩れ、主人公は裏切り者を見つけ出すために努力します。", 7, 1),
  (4, "時空の謎", "時空の異常が発生し、主人公は過去と未来を行き来しながら謎を解き明かします。", 8, 1),
  (4, "最後の闘い", "物語のクライマックスで、主人公は最後の闘いに挑み、真相に迫ります。", 9, 1),
  (4, "秘密の解明", "シーズン1の結末で、謎が解明され、新たな謎が明らかになります。", 10, 1),
  (4, "新たな事件の幕開け", "シーズン2が始まり、主人公は新たな事件に立ち向かう覚悟を決めます。", 1, 2),
  (4, "失踪者の帰還", "失踪していた人物が帰還し、新たな謎が明らかになります。", 2, 2),
  (4, "暗号の謎", "暗号が登場し、主人公はその謎を解読して事件の核心に迫ります。", 3, 2),
  (4, "幻の財宝", "伝説の幻の財宝を巡る冒険が始まり、主人公はその行方を追います。", 4, 2),
  (4, "仲間の裏切り", "仲間が裏切りに関与し、主人公は友情の試練に立ち向かいます。", 5, 2),
  (4, "魔法の力", "魔法の力が登場し、主人公は魔法の秘密を解明しようとします。", 6, 2),
  (4, "二重スパイ", "二重スパイの存在が明らかになり、主人公は陰謀を暴きます。", 7, 2),
  (4, "時間の逆襲", "時間に逆襲され、主人公は時間を戻すために闘います。", 8, 2),
  (4, "決戦の幕開け", "物語のクライマックスで、主人公は敵との決戦に臨み、最終的な真相に迫ります。", 9, 2),
  (4, "ミステリータイムの終わり", "シーズン2の結末で、全ての謎が明らかになり、物語が幕を閉じます。", 10, 2),
  (5, "キッチンマスターズ", "シェフたちが競い合うクッキングショー", NULL, NULL),
  (6, "夢の探求者", "夢を追いかける人々のストーリーを追うドキュメンタリー", NULL, NULL),
  (7, "恋する星座占い", "星座占いの力で恋愛を成功させるヒント", NULL, NULL),
  (8, "アクションマニア", "アクション映画の舞台裏とスタントマンの生活", NULL, NULL),
  (9, "スポーツマニア", "様々なスポーツイベントとアスリートのインタビュー", NULL, NULL),
  (10, "ニュースワールド", "最新の国際ニュースと分析", NULL, NULL),
  (11, "K-POPライブ", "韓国の最新K-POPアーティストのライブパフォーマンス", NULL, NULL),
  (12, "将棋の駒たち", "将棋の名勝負とプロプレイヤーの対局", NULL, NULL),
  (13, "麻雀の魔法", "プロ麻雀プレイヤーの戦略と麻雀の楽しみ方", NULL, NULL),
  (14, "HIPHOPエクスプロージョン", "HIPHOPカルチャーとアーティストの特集", NULL, NULL),
  (15, "闘志のリング", "格闘家たちのトレーニングと試合の模様", NULL, NULL),
  (16, "音楽の旅路", "世界中の音楽の歴史とアーティストの旅", NULL, NULL),
  (17, "冒険者の記録", "冒険者が未知の地を探索し新たな発見をする", NULL, NULL),
  (18, "秘密の恋", "秘密の恋愛を描いたロマンスドラマ", NULL, NULL),
  (19, "宇宙への旅", "宇宙探査と宇宙飛行士の日常生活", NULL, NULL),
  (20, "メロディ・メイヘム", "音楽コンテストで競い合う才能ある歌手たち", NULL, NULL),
  (21, "アスリートの魂", "アスリートたちの人生と競技への情熱", NULL, NULL),
  (22, "アニメの冒険", "ファンタジーの世界で繰り広げられる冒険", NULL, NULL),
  (23, "名作映画特集", "古典的な映画作品の解説と評価", NULL, NULL),
  (24, "ドラマの舞台裏", "ドラマシリーズの制作と俳優のインタビュー", NULL, NULL),
  (25, "新たな視点", "社会問題に焦点を当てたドキュメンタリーシリーズ", NULL, NULL),
  (26, "音楽の祭典", "音楽フェスティバルのライブパフォーマンスとバックステージ", NULL, NULL),
  (27, "未来への挑戦", "新技術と革新的なアイデアに焦点を当てた番組", NULL, NULL),
  (28, "コメディマスターズ", "コメディアンたちの名場面とバラエティコント", NULL, NULL),
  (29, "恋愛実験室", "恋愛心理学と実験を取り入れたリアリティ番組", NULL, NULL),
  (30, "歴史の謎", "未解決の歴史的な謎とその解明の試み", NULL, NULL),
  (31, "スポーツライフ", "アスリートたちの日常生活とトレーニング", NULL, NULL),
  (32, "世界の声", "国際問題と国際関係に焦点を当てた番組", NULL, NULL),
  (33, "K-POPウェイブ", "K-POPアーティストの音楽とファッションの世界", NULL, NULL),
  (34, "将棋の攻防", "プロ将棋プレイヤーの戦略と対局の模様", NULL, NULL),
  (35, "麻雀の奥義", "麻雀の高度な戦術とプロプレイヤーの秘訣", NULL, NULL),
  (36, "HIPHOPライフ", "HIPHOPカルチャーとアーティストの生活", NULL, NULL),
  (37, "闘魂の闘い", "格闘家たちの強靭な精神と試合の様子", NULL, NULL),
  (38, "音楽の神秘", "音楽の創造過程とアーティストのインタビュー", NULL, NULL),
  (39, "自然との対話", "自然保護活動家と自然環境のドキュメンタリー", NULL, NULL),
  (40, "笑いの宝庫", "コメディアンたちの面白いエピソードとスケッチ", NULL, NULL),
  (41, "恋愛の魔法", "恋愛専門家による恋愛のアドバイスと成功ストーリー", NULL, NULL),
  (42, "星の旅", "宇宙探査と惑星の謎を解明するシリーズ", NULL, NULL),
  (43, "ボーカルバトル", "歌唱力を競い合う歌手たちのリアリティ番組", NULL, NULL),
  (44, "アスリートの挑戦", "アスリートたちが困難に立ち向かう姿を追う", NULL, NULL),
  (45, "ファンタジーアニメ", "魔法と冒険が織り成すファンタジーアニメーション", NULL, NULL),
  (46, "映画の秘密", "映画製作の舞台裏とハリウッドのエピソード", NULL, NULL),
  (47, "ドラマの魅力", "ドラマの登場人物と感情豊かなストーリーライン", NULL, NULL),
  (48, "世界の真実", "国際的な問題と解決策に焦点を当てたドキュメンタリー", NULL, NULL),
  (49, "音楽の魔法", "音楽アーティストたちの魔法のパフォーマンス", NULL, NULL),
  (50, "未来の探求", "革新的な技術と未来の可能性を探る番組", NULL, NULL),
  (51, "コメディの夜", "コメディアンたちの笑いの宴とスタンドアップ", NULL, NULL),
  (52, "恋の冒険", "恋愛と冒険が交錯するロマンティックドラマ", NULL, NULL),
  (53, "星座の謎", "星座と宇宙の謎に迫るドキュメンタリーシリーズ", NULL, NULL),
  (54, "スポーツの舞台裏", "スポーツイベントの制作とアスリートの努力", NULL, NULL),
  (55, "国際報道", "世界中の重要なニュースと国際関係について", NULL, NULL),
  (56, "K-POPアワード", "K-POPアーティストの栄誉ある表彰式", NULL, NULL),
  (57, "将棋の心", "将棋の心理学とプロプレイヤーの駆け引き", NULL, NULL),
  (58, "麻雀の魅力", "麻雀の戦略と楽しみ方を紹介する番組", NULL, NULL),
  (59, "HIPHOPヒストリー", "HIPHOPの歴史とアーティストの功績", NULL, NULL),
  (60, "格闘の闘い", "格闘家たちの魅力的な対決と試合の模様", NULL, NULL),
  (61, "音楽の旅路", "音楽の歴史とアーティストの旅", NULL, NULL),
  (62, "自然との共感", "自然環境保護活動家と自然界の美しさ", NULL, NULL),
  (63, "笑いの王国", "コメディアンたちが笑いを提供するバラエティショー", NULL, NULL),
  (64, "恋の秘密", "恋愛の秘密とアドバイスを提供する番組", NULL, NULL),
  (65, "宇宙の謎", "宇宙の謎と宇宙探査の最新情報", NULL, NULL),
  (66, "音楽バトル", "音楽コンテストで才能ある歌手たちが競い合う", NULL, NULL),
  (67, "アスリートの挑戦", "アスリートたちの困難に立ち向かう姿勢を追う", NULL, NULL),
  (68, "ファンタジーアドベンチャー", "魔法と冒険が織り成すファンタジーアニメ", NULL, NULL),
  (69, "名作映画の秘密", "名作映画の製作秘話と舞台裏のエピソード", NULL, NULL),
  (70, "ドラマの魅力", "ドラマの魅力と登場人物たちの物語", NULL, NULL),
  (71, "世界の真実", "国際問題とその解決策に焦点を当てた番組", NULL, NULL),
  (72, "音楽の魔法", "音楽アーティストたちの魔法のステージ", NULL, NULL),
  (73, "未来の探求者", "未来の可能性と革新的なアイデアに焦点", NULL, NULL),
  (74, "コメディの夜", "コメディアンたちの笑いの宴とスタンドアップコメディ", NULL, NULL),
  (75, "恋愛の魔法", "恋愛の魔法と成功した恋愛の秘訣", NULL, NULL),
  (76, "宇宙の奥深さ", "宇宙の謎と宇宙探査の最新情報", NULL, NULL),
  (77, "音楽の楽園", "音楽フェスティバルの素晴らしいライブパフォーマンス", NULL, NULL),
  (78, "未来への挑戦", "未来の技術と可能性に焦点を当てる番組", NULL, NULL),
  (79, "笑いの王国", "コメディアンたちが笑いを提供するバラエティショー", NULL, NULL),
  (80, "恋の秘密", "恋愛の秘密と成功の秘訣を探る番組", NULL, NULL),
  (81, "宇宙の謎", "宇宙の謎と宇宙探査の新たな発見", NULL, NULL),
  (82, "音楽バトル", "音楽コンテストで才能ある歌手たちが競い合う", NULL, NULL),
  (83, "魔法の学園物語", "魔法使いの冒険", NULL, NULL),
  (84, "未来都市ネオトロン", "サイバーパンクの謎", NULL, NULL),
  (85, "笑いの宴", "笑いの宴で視聴者を楽しませるお笑いバラエティ番組。", NULL, NULL),
  (86, "愛の冒険", "恋愛に関するさまざまな冒険を描く恋愛バラエティ番組。", NULL, NULL),
  (87, "スクリーンマジック", "最新の映画情報や評論を紹介する映画情報番組。", NULL, NULL),
  (88, "街のドラマ", "日常生活の中で繰り広げられる人間ドラマを描くドラマシリーズ。", NULL, NULL),
  (89, "スポーツフィーバー", "様々なスポーツイベントのハイライトや解説を提供するスポーツ番組。", NULL, NULL),
  (90, "今日のヘッドライン", "最新の国内外のニュースを報道し、情報を提供するニュース番組。", NULL, NULL),
  (91, "K-POPの世界", "K-POPの最新情報や音楽ビデオを紹介する音楽番組。", NULL, NULL),
  (92, "将棋大戦", "プロの将棋棋士たちが戦う将棋バラエティ番組。", NULL, NULL),
  (93, "麻雀王者決定戦", "麻雀プロの王者たちが対決する麻雀トーナメント番組。", NULL, NULL),
  (94, "HIPHOPバトル", "HIPHOPアーティストたちがバトルし、スキルを競う音楽バトル番組。", NULL, NULL),
  (95, "格闘の舞台", "格闘技の試合やトレーニングを紹介する格闘スポーツ番組。", NULL, NULL),
  (96, "世界の奇跡", "世界中の驚くべき出来事と奇跡を取材するドキュメンタリーシリーズ。", NULL, NULL),
  (97, "音楽の旅2", "音楽の旅で世界中の音楽と文化を紹介する音楽番組。", NULL, NULL),
  (98, "料理マスター","シェフたちが美味しい料理を作り、視聴者にアイデアを提供する料理番組。", NULL, NULL),
  (99, "自然の秘密", "自然の美しさと神秘を探求する自然ドキュメンタリーシリーズ。", NULL, NULL),
  (100, "音楽スタジオ", "アーティストたちが音楽制作の裏側を紹介し、スタジオでの創造活動を追う番組。", NULL, NULL)
;

INSERT INTO time_slots (channel_id, episode_id, start_time, end_time, number_of_views) VALUE 
  (1, 11, "2023-10-23 02:01:00", "2023-10-23 02:41:00", 790738),
  (1, 12, "2023-10-23 04:30:00", "2023-10-23 05:00:00", 97946),
  (1, 13, "2023-10-23 06:08:00", "2023-10-23 06:53:00", 81363),
  (1, 14, "2023-10-23 08:24:00", "2023-10-23 09:06:00", 495091),
  (1, 15, "2023-10-23 10:07:00", "2023-10-23 10:46:00", 445557),
  (1, 16, "2023-10-23 12:17:00", "2023-10-23 13:12:00", 546421),
  (1, 17, "2023-10-23 14:14:00", "2023-10-23 15:07:00", 333267),
  (1, 18, "2023-10-23 16:57:00", "2023-10-23 17:41:00", 217653),
  (1, 19, "2023-10-23 18:57:00", "2023-10-23 19:55:00", 42448),
  (1, 20, "2023-10-23 20:44:00", "2023-10-23 21:20:00", 282998),
  (1, 68, "2023-10-23 22:53:00", "2023-10-23 23:43:00", 264567),
  (1, 91, "2023-10-24 00:58:00", "2023-10-24 01:38:00", 488098),
  (1, 114, "2023-10-24 03:00:00", "2023-10-24 03:32:00", 266713),
  (1, 129, "2023-10-24 04:08:00", "2023-10-24 05:06:00", 885535),
  (1, 130, "2023-10-24 06:44:00", "2023-10-24 07:31:00", 488997),
  (1, 11, "2023-10-24 08:29:00", "2023-10-24 09:05:00", 804805),
  (1, 12, "2023-10-24 10:32:00", "2023-10-24 11:06:00", 673456),
  (1, 13, "2023-10-24 12:18:00", "2023-10-24 12:51:00", 796621),
  (1, 14, "2023-10-24 14:57:00", "2023-10-24 15:53:00", 315489),
  (1, 15, "2023-10-24 16:08:00", "2023-10-24 16:41:00", 972213),
  (1, 16, "2023-10-24 18:57:00", "2023-10-24 19:45:00", 709188),
  (1, 17, "2023-10-24 20:07:00", "2023-10-24 20:56:00", 246438),
  (1, 18, "2023-10-24 22:30:00", "2023-10-24 23:16:00", 654035),
  (1, 19, "2023-10-25 00:11:00", "2023-10-25 01:01:00", 515837),
  (1, 20, "2023-10-25 02:54:00", "2023-10-25 03:52:00", 671130),
  (1, 68, "2023-10-25 04:39:00", "2023-10-25 05:33:00", 647265),
  (1, 91, "2023-10-25 06:38:00", "2023-10-25 07:13:00", 99265),
  (1, 114, "2023-10-25 08:03:00", "2023-10-25 08:55:00", 175142),
  (1, 129, "2023-10-25 10:51:00", "2023-10-25 11:34:00", 738504),
  (1, 130, "2023-10-25 13:00:00", "2023-10-25 13:59:00", 414454),
  (2, 1, "2023-10-23 02:20:00", "2023-10-23 03:06:00", 384246),
  (2, 2, "2023-10-23 04:39:00", "2023-10-23 05:31:00", 971134),
  (2, 3, "2023-10-23 06:10:00", "2023-10-23 06:44:00", 925659),
  (2, 4, "2023-10-23 08:30:00", "2023-10-23 09:19:00", 182789),
  (2, 5, "2023-10-23 10:49:00", "2023-10-23 11:29:00", 749791),
  (2, 6, "2023-10-23 12:00:00", "2023-10-23 12:56:00", 109740),
  (2, 7, "2023-10-23 14:48:00", "2023-10-23 15:40:00", 794455),
  (2, 8, "2023-10-23 17:00:00", "2023-10-23 17:45:00", 116332),
  (2, 9, "2023-10-23 18:03:00", "2023-10-23 18:40:00", 512828),
  (2, 10, "2023-10-23 20:07:00", "2023-10-23 21:01:00", 159932),
  (2, 21, "2023-10-23 22:30:00", "2023-10-23 23:04:00", 336697),
  (2, 22, "2023-10-24 00:55:00", "2023-10-24 01:51:00", 623748),
  (2, 23, "2023-10-24 02:12:00", "2023-10-24 03:08:00", 694680),
  (2, 24, "2023-10-24 04:41:00", "2023-10-24 05:19:00", 231605),
  (2, 25, "2023-10-24 06:03:00", "2023-10-24 06:58:00", 609730),
  (2, 26, "2023-10-24 08:56:00", "2023-10-24 09:37:00", 350835),
  (2, 27, "2023-10-24 10:06:00", "2023-10-24 10:54:00", 355024),
  (2, 28, "2023-10-24 12:15:00", "2023-10-24 13:09:00", 190341),
  (2, 29, "2023-10-24 14:50:00", "2023-10-24 15:49:00", 752753),
  (2, 30, "2023-10-24 16:05:00", "2023-10-24 17:00:00", 791017),
  (2, 51, "2023-10-24 18:28:00", "2023-10-24 19:03:00", 388793),
  (2, 74, "2023-10-24 20:47:00", "2023-10-24 21:40:00", 755951),
  (2, 86, "2023-10-24 22:16:00", "2023-10-24 22:59:00", 687406),
  (2, 97, "2023-10-25 00:41:00", "2023-10-25 01:13:00", 870165),
  (2, 109, "2023-10-25 02:49:00", "2023-10-25 03:49:00", 294048),
  (2, 120, "2023-10-25 04:53:00", "2023-10-25 05:42:00", 501226),
  (2, 125, "2023-10-25 06:00:00", "2023-10-25 06:44:00", 511425),
  (2, 131, "2023-10-25 08:14:00", "2023-10-25 08:54:00", 260457),
  (2, 144, "2023-10-25 10:59:00", "2023-10-25 11:38:00", 327974),
  (2, 1, "2023-10-25 12:54:00", "2023-10-25 13:41:00", 697912),
  (2, 2, "2023-10-25 14:19:00", "2023-10-25 15:16:00", 281089),
  (2, 3, "2023-10-25 16:57:00", "2023-10-25 17:43:00", 649714),
  (2, 4, "2023-10-25 18:36:00", "2023-10-25 19:15:00", 304224),
  (2, 5, "2023-10-25 20:55:00", "2023-10-25 21:39:00", 733743),
  (2, 6, "2023-10-25 22:34:00", "2023-10-25 23:28:00", 383031),
  (2, 7, "2023-10-26 00:25:00", "2023-10-26 01:13:00", 568603),
  (2, 8, "2023-10-26 02:43:00", "2023-10-26 03:28:00", 996056),
  (2, 9, "2023-10-26 04:57:00", "2023-10-26 05:36:00", 653541),
  (2, 10, "2023-10-26 06:19:00", "2023-10-26 07:10:00", 818502),
  (2, 21, "2023-10-26 08:27:00", "2023-10-26 09:08:00", 582331),
  (2, 22, "2023-10-26 10:23:00", "2023-10-26 11:23:00", 444331),
  (2, 23, "2023-10-26 12:18:00", "2023-10-26 13:06:00", 365220),
  (2, 24, "2023-10-26 14:19:00", "2023-10-26 15:14:00", 353948),
  (2, 25, "2023-10-26 16:44:00", "2023-10-26 17:16:00", 47181),
  (2, 26, "2023-10-26 18:18:00", "2023-10-26 18:57:00", 845679),
  (2, 27, "2023-10-26 20:01:00", "2023-10-26 20:35:00", 248733),
  (2, 28, "2023-10-26 22:41:00", "2023-10-26 23:12:00", 100128),
  (2, 29, "2023-10-27 00:06:00", "2023-10-27 01:02:00", 927544),
  (2, 30, "2023-10-27 02:03:00", "2023-10-27 02:42:00", 794841),
  (2, 51, "2023-10-27 04:41:00", "2023-10-27 05:15:00", 327058),
  (2, 74, "2023-10-27 06:47:00", "2023-10-27 07:34:00", 530908),
  (2, 86, "2023-10-27 08:42:00", "2023-10-27 09:14:00", 318661),
  (2, 97, "2023-10-27 10:40:00", "2023-10-27 11:11:00", 479737),
  (2, 109, "2023-10-27 12:26:00", "2023-10-27 13:20:00", 955605),
  (2, 120, "2023-10-27 14:04:00", "2023-10-27 14:38:00", 431330),
  (2, 125, "2023-10-27 16:18:00", "2023-10-27 17:07:00", 461221),
  (2, 131, "2023-10-27 18:53:00", "2023-10-27 19:29:00", 666801),
  (2, 144, "2023-10-27 20:00:00", "2023-10-27 20:45:00", 762003),
  (3, 53, "2023-10-23 02:07:00", "2023-10-23 03:04:00", 405630),
  (3, 64, "2023-10-23 04:36:00", "2023-10-23 05:30:00", 194211),
  (3, 75, "2023-10-23 06:29:00", "2023-10-23 07:20:00", 160143),
  (3, 87, "2023-10-23 08:57:00", "2023-10-23 09:32:00", 539249),
  (3, 98, "2023-10-23 10:44:00", "2023-10-23 11:32:00", 468490),
  (3, 110, "2023-10-23 12:05:00", "2023-10-23 12:38:00", 7388),
  (3, 121, "2023-10-23 14:10:00", "2023-10-23 14:56:00", 149931),
  (3, 126, "2023-10-23 16:18:00", "2023-10-23 17:14:00", 466460),
  (3, 132, "2023-10-23 18:50:00", "2023-10-23 19:27:00", 509039),
  (3, 53, "2023-10-23 21:00:00", "2023-10-23 21:47:00", 471729),
  (3, 64, "2023-10-23 22:54:00", "2023-10-23 23:36:00", 863488),
  (3, 75, "2023-10-24 00:30:00", "2023-10-24 01:00:00", 394088),
  (3, 87, "2023-10-24 02:23:00", "2023-10-24 03:04:00", 397382),
  (3, 98, "2023-10-24 04:18:00", "2023-10-24 04:51:00", 249072),
  (3, 110, "2023-10-24 06:20:00", "2023-10-24 07:19:00", 247395),
  (3, 121, "2023-10-24 08:39:00", "2023-10-24 09:37:00", 155032),
  (3, 126, "2023-10-24 10:12:00", "2023-10-24 11:04:00", 631569),
  (3, 132, "2023-10-24 12:26:00", "2023-10-24 12:58:00", 310953),
  (3, 53, "2023-10-24 14:41:00", "2023-10-24 15:36:00", 418090),
  (3, 64, "2023-10-24 16:08:00", "2023-10-24 16:46:00", 735778),
  (3, 75, "2023-10-24 18:53:00", "2023-10-24 19:49:00", 377305),
  (3, 87, "2023-10-24 20:24:00", "2023-10-24 20:59:00", 919041),
  (3, 98, "2023-10-24 22:56:00", "2023-10-24 23:51:00", 532356),
  (3, 110, "2023-10-25 00:32:00", "2023-10-25 01:30:00", 366498),
  (3, 121, "2023-10-25 02:14:00", "2023-10-25 03:14:00", 296750),
  (3, 126, "2023-10-25 04:10:00", "2023-10-25 04:51:00", 670317),
  (3, 132, "2023-10-25 06:34:00", "2023-10-25 07:09:00", 304766),
  (4, 54, "2023-10-23 02:54:00", "2023-10-23 03:50:00", 285964),
  (4, 69, "2023-10-23 04:18:00", "2023-10-23 05:13:00", 510893),
  (4, 92, "2023-10-23 06:58:00", "2023-10-23 07:57:00", 652977),
  (4, 115, "2023-10-23 08:35:00", "2023-10-23 09:18:00", 486781),
  (4, 133, "2023-10-23 10:25:00", "2023-10-23 11:00:00", 167025),
  (4, 54, "2023-10-23 12:36:00", "2023-10-23 13:35:00", 471105),
  (4, 69, "2023-10-23 14:27:00", "2023-10-23 15:17:00", 302193),
  (4, 92, "2023-10-23 16:56:00", "2023-10-23 17:32:00", 630455),
  (4, 115, "2023-10-23 18:44:00", "2023-10-23 19:28:00", 355095),
  (4, 133, "2023-10-23 20:17:00", "2023-10-23 20:49:00", 232444),
  (4, 54, "2023-10-23 22:26:00", "2023-10-23 23:11:00", 681795),
  (4, 69, "2023-10-24 01:00:00", "2023-10-24 01:46:00", 435605),
  (4, 92, "2023-10-24 02:55:00", "2023-10-24 03:49:00", 120074),
  (4, 115, "2023-10-24 04:57:00", "2023-10-24 05:37:00", 787219),
  (4, 133, "2023-10-24 06:28:00", "2023-10-24 07:16:00", 807470),
  (4, 54, "2023-10-24 08:45:00", "2023-10-24 09:45:00", 992976),
  (4, 69, "2023-10-24 10:19:00", "2023-10-24 11:04:00", 172009),
  (4, 92, "2023-10-24 12:46:00", "2023-10-24 13:23:00", 468064),
  (4, 115, "2023-10-24 14:40:00", "2023-10-24 15:14:00", 456508),
  (4, 133, "2023-10-24 16:57:00", "2023-10-24 17:38:00", 142511),
  (4, 54, "2023-10-24 18:48:00", "2023-10-24 19:35:00", 661690),
  (4, 69, "2023-10-24 20:58:00", "2023-10-24 21:45:00", 733209),
  (4, 92, "2023-10-24 22:52:00", "2023-10-24 23:33:00", 69080),
  (4, 115, "2023-10-25 00:16:00", "2023-10-25 01:07:00", 188924),
  (4, 133, "2023-10-25 02:15:00", "2023-10-25 02:45:00", 11860),
  (4, 54, "2023-10-25 04:42:00", "2023-10-25 05:12:00", 333466),
  (4, 69, "2023-10-25 06:30:00", "2023-10-25 07:29:00", 537481),
  (4, 92, "2023-10-25 08:02:00", "2023-10-25 08:46:00", 390673),
  (4, 115, "2023-10-25 10:38:00", "2023-10-25 11:10:00", 801672),
  (4, 133, "2023-10-25 12:19:00", "2023-10-25 12:49:00", 652919),
  (5, 31, "2023-10-23 02:04:00", "2023-10-23 02:34:00", 315714),
  (5, 32, "2023-10-23 04:23:00", "2023-10-23 04:57:00", 653578),
  (5, 33, "2023-10-23 06:55:00", "2023-10-23 07:35:00", 824498),
  (5, 34, "2023-10-23 08:03:00", "2023-10-23 08:58:00", 987137),
  (5, 35, "2023-10-23 10:59:00", "2023-10-23 11:31:00", 508260),
  (5, 36, "2023-10-23 12:26:00", "2023-10-23 12:57:00", 275652),
  (5, 37, "2023-10-23 14:12:00", "2023-10-23 14:56:00", 392822),
  (5, 38, "2023-10-23 16:00:00", "2023-10-23 16:53:00", 477254),
  (5, 39, "2023-10-23 18:45:00", "2023-10-23 19:27:00", 463658),
  (5, 40, "2023-10-23 20:13:00", "2023-10-23 20:56:00", 34427),
  (5, 41, "2023-10-23 22:46:00", "2023-10-23 23:26:00", 620201),
  (5, 42, "2023-10-24 00:27:00", "2023-10-24 01:11:00", 217937),
  (5, 43, "2023-10-24 02:13:00", "2023-10-24 03:12:00", 726727),
  (5, 44, "2023-10-24 04:38:00", "2023-10-24 05:35:00", 54936),
  (5, 45, "2023-10-24 06:59:00", "2023-10-24 07:32:00", 647327),
  (5, 46, "2023-10-24 08:05:00", "2023-10-24 08:46:00", 178769),
  (5, 47, "2023-10-24 10:36:00", "2023-10-24 11:20:00", 559479),
  (5, 48, "2023-10-24 12:44:00", "2023-10-24 13:16:00", 813373),
  (5, 49, "2023-10-24 14:52:00", "2023-10-24 15:29:00", 272673),
  (5, 50, "2023-10-24 16:29:00", "2023-10-24 17:24:00", 839673),
  (5, 70, "2023-10-24 18:05:00", "2023-10-24 18:43:00", 328701),
  (5, 93, "2023-10-24 20:56:00", "2023-10-24 21:39:00", 229135),
  (5, 116, "2023-10-24 22:11:00", "2023-10-24 23:09:00", 460306),
  (5, 134, "2023-10-25 00:19:00", "2023-10-25 01:09:00", 432640),
  (5, 31, "2023-10-25 02:04:00", "2023-10-25 02:37:00", 376231),
  (5, 32, "2023-10-25 04:03:00", "2023-10-25 04:38:00", 492279),
  (5, 33, "2023-10-25 06:09:00", "2023-10-25 06:40:00", 216234),
  (5, 34, "2023-10-25 08:30:00", "2023-10-25 09:07:00", 125458),
  (5, 35, "2023-10-25 10:05:00", "2023-10-25 10:44:00", 312110),
  (5, 36, "2023-10-25 12:05:00", "2023-10-25 12:35:00", 551839),
  (5, 37, "2023-10-25 14:52:00", "2023-10-25 15:35:00", 623696),
  (5, 38, "2023-10-25 16:44:00", "2023-10-25 17:16:00", 34283),
  (5, 39, "2023-10-25 18:06:00", "2023-10-25 18:58:00", 978502),
  (5, 40, "2023-10-25 20:14:00", "2023-10-25 20:58:00", 290551),
  (5, 41, "2023-10-25 22:13:00", "2023-10-25 23:10:00", 411494),
  (5, 42, "2023-10-26 00:08:00", "2023-10-26 01:06:00", 77991),
  (5, 43, "2023-10-26 02:29:00", "2023-10-26 03:17:00", 368094),
  (5, 44, "2023-10-26 04:21:00", "2023-10-26 05:15:00", 284036),
  (5, 45, "2023-10-26 06:27:00", "2023-10-26 07:26:00", 617763),
  (5, 46, "2023-10-26 08:26:00", "2023-10-26 09:12:00", 613961),
  (5, 47, "2023-10-26 10:17:00", "2023-10-26 11:01:00", 339583),
  (5, 48, "2023-10-26 12:42:00", "2023-10-26 13:37:00", 450353),
  (5, 49, "2023-10-26 14:01:00", "2023-10-26 14:43:00", 6681),
  (5, 50, "2023-10-26 16:24:00", "2023-10-26 16:59:00", 290554),
  (5, 70, "2023-10-26 18:18:00", "2023-10-26 19:18:00", 168347),
  (5, 93, "2023-10-26 20:36:00", "2023-10-26 21:31:00", 711008),
  (5, 116, "2023-10-26 22:56:00", "2023-10-26 23:37:00", 440837),
  (5, 134, "2023-10-27 00:25:00", "2023-10-27 01:06:00", 148098),
  (5, 31, "2023-10-27 02:07:00", "2023-10-27 02:53:00", 225108),
  (5, 32, "2023-10-27 04:55:00", "2023-10-27 05:55:00", 835026),
  (5, 33, "2023-10-27 06:53:00", "2023-10-27 07:30:00", 540993),
  (5, 34, "2023-10-27 08:23:00", "2023-10-27 09:17:00", 954089),
  (5, 35, "2023-10-27 10:46:00", "2023-10-27 11:19:00", 667788),
  (5, 36, "2023-10-27 12:15:00", "2023-10-27 12:52:00", 166263),
  (5, 37, "2023-10-27 14:03:00", "2023-10-27 14:51:00", 494437),
  (5, 38, "2023-10-27 16:26:00", "2023-10-27 17:26:00", 968139),
  (5, 39, "2023-10-27 18:49:00", "2023-10-27 19:34:00", 615958),
  (5, 40, "2023-10-27 20:24:00", "2023-10-27 20:54:00", 887895),
  (5, 41, "2023-10-27 22:49:00", "2023-10-27 23:48:00", 747002),
  (5, 42, "2023-10-28 00:05:00", "2023-10-28 00:35:00", 640083),
  (5, 43, "2023-10-28 02:39:00", "2023-10-28 03:31:00", 944230),
  (5, 44, "2023-10-28 04:10:00", "2023-10-28 05:09:00", 6210),
  (5, 45, "2023-10-28 06:50:00", "2023-10-28 07:22:00", 173410),
  (5, 46, "2023-10-28 08:23:00", "2023-10-28 09:06:00", 97560),
  (5, 47, "2023-10-28 10:35:00", "2023-10-28 11:07:00", 122795),
  (5, 48, "2023-10-28 12:56:00", "2023-10-28 13:47:00", 236258),
  (5, 49, "2023-10-28 14:46:00", "2023-10-28 15:25:00", 419278),
  (5, 50, "2023-10-28 16:29:00", "2023-10-28 17:14:00", 634455),
  (5, 70, "2023-10-28 18:51:00", "2023-10-28 19:29:00", 884362),
  (5, 93, "2023-10-28 20:05:00", "2023-10-28 21:03:00", 981443),
  (5, 116, "2023-10-28 22:51:00", "2023-10-28 23:24:00", 7063),
  (5, 134, "2023-10-29 00:29:00", "2023-10-29 01:10:00", 266143),
  (5, 31, "2023-10-29 02:44:00", "2023-10-29 03:19:00", 830938),
  (5, 32, "2023-10-29 04:48:00", "2023-10-29 05:31:00", 852735),
  (5, 33, "2023-10-29 06:25:00", "2023-10-29 07:21:00", 565652),
  (5, 34, "2023-10-29 08:09:00", "2023-10-29 08:40:00", 531227),
  (5, 35, "2023-10-29 11:00:00", "2023-10-29 11:39:00", 923258),
  (5, 36, "2023-10-29 12:17:00", "2023-10-29 12:56:00", 674248),
  (5, 37, "2023-10-29 14:07:00", "2023-10-29 14:49:00", 49745),
  (5, 38, "2023-10-29 16:19:00", "2023-10-29 17:06:00", 582666),
  (5, 39, "2023-10-29 18:43:00", "2023-10-29 19:30:00", 50593),
  (5, 40, "2023-10-29 21:00:00", "2023-10-29 21:50:00", 91357),
  (5, 41, "2023-10-29 22:42:00", "2023-10-29 23:36:00", 88610),
  (5, 42, "2023-10-30 00:48:00", "2023-10-30 01:29:00", 756135),
  (5, 43, "2023-10-30 02:31:00", "2023-10-30 03:26:00", 928078),
  (5, 44, "2023-10-30 04:31:00", "2023-10-30 05:15:00", 597381),
  (5, 45, "2023-10-30 06:38:00", "2023-10-30 07:17:00", 549199),
  (5, 46, "2023-10-30 08:36:00", "2023-10-30 09:12:00", 204713),
  (5, 47, "2023-10-30 10:45:00", "2023-10-30 11:17:00", 869309),
  (5, 48, "2023-10-30 12:50:00", "2023-10-30 13:23:00", 725924),
  (5, 49, "2023-10-30 14:01:00", "2023-10-30 14:41:00", 157241),
  (5, 50, "2023-10-30 16:26:00", "2023-10-30 17:24:00", 163019),
  (5, 70, "2023-10-30 18:26:00", "2023-10-30 19:08:00", 602844),
  (5, 93, "2023-10-30 20:44:00", "2023-10-30 21:31:00", 577427),
  (5, 116, "2023-10-30 22:39:00", "2023-10-30 23:39:00", 222783),
  (5, 134, "2023-10-31 00:26:00", "2023-10-31 01:00:00", 211215),
  (6, 55, "2023-10-23 02:15:00", "2023-10-23 03:09:00", 987210),
  (6, 67, "2023-10-23 04:32:00", "2023-10-23 05:03:00", 343938),
  (6, 77, "2023-10-23 06:50:00", "2023-10-23 07:44:00", 316635),
  (6, 90, "2023-10-23 08:27:00", "2023-10-23 09:20:00", 592154),
  (6, 100, "2023-10-23 10:01:00", "2023-10-23 10:32:00", 161672),
  (6, 113, "2023-10-23 12:51:00", "2023-10-23 13:29:00", 786799),
  (6, 135, "2023-10-23 14:43:00", "2023-10-23 15:40:00", 268877),
  (6, 55, "2023-10-23 16:14:00", "2023-10-23 17:05:00", 446924),
  (6, 67, "2023-10-23 18:02:00", "2023-10-23 18:48:00", 69119),
  (6, 77, "2023-10-23 20:48:00", "2023-10-23 21:30:00", 333991),
  (6, 90, "2023-10-23 22:33:00", "2023-10-23 23:27:00", 871409),
  (6, 100, "2023-10-24 00:42:00", "2023-10-24 01:14:00", 978500),
  (6, 113, "2023-10-24 02:30:00", "2023-10-24 03:20:00", 171432),
  (6, 135, "2023-10-24 04:21:00", "2023-10-24 04:54:00", 332040),
  (6, 55, "2023-10-24 06:24:00", "2023-10-24 07:18:00", 716371),
  (6, 67, "2023-10-24 08:10:00", "2023-10-24 09:04:00", 908382),
  (6, 77, "2023-10-24 10:55:00", "2023-10-24 11:26:00", 682673),
  (6, 90, "2023-10-24 12:28:00", "2023-10-24 12:58:00", 970457),
  (6, 100, "2023-10-24 14:57:00", "2023-10-24 15:37:00", 922323),
  (6, 113, "2023-10-24 16:43:00", "2023-10-24 17:38:00", 737230),
  (6, 135, "2023-10-24 18:58:00", "2023-10-24 19:48:00", 805081),
  (6, 55, "2023-10-24 20:11:00", "2023-10-24 21:00:00", 601012),
  (6, 67, "2023-10-24 22:24:00", "2023-10-24 23:23:00", 313205),
  (6, 77, "2023-10-25 00:55:00", "2023-10-25 01:32:00", 131949),
  (6, 90, "2023-10-25 02:33:00", "2023-10-25 03:13:00", 528299),
  (6, 100, "2023-10-25 04:16:00", "2023-10-25 05:05:00", 565121),
  (6, 113, "2023-10-25 06:38:00", "2023-10-25 07:11:00", 389186),
  (6, 135, "2023-10-25 08:00:00", "2023-10-25 08:39:00", 233712),
  (7, 56, "2023-10-23 02:18:00", "2023-10-23 03:13:00", 391158),
  (7, 78, "2023-10-23 04:01:00", "2023-10-23 04:32:00", 34532),
  (7, 101, "2023-10-23 06:52:00", "2023-10-23 07:22:00", 492767),
  (7, 136, "2023-10-23 08:21:00", "2023-10-23 09:14:00", 647482),
  (7, 56, "2023-10-23 10:12:00", "2023-10-23 10:46:00", 892117),
  (7, 78, "2023-10-23 12:53:00", "2023-10-23 13:46:00", 433320),
  (7, 101, "2023-10-23 14:46:00", "2023-10-23 15:20:00", 531240),
  (7, 136, "2023-10-23 16:36:00", "2023-10-23 17:36:00", 917608),
  (7, 56, "2023-10-23 18:42:00", "2023-10-23 19:39:00", 835826),
  (7, 78, "2023-10-23 20:29:00", "2023-10-23 21:20:00", 3678),
  (7, 101, "2023-10-23 22:26:00", "2023-10-23 23:07:00", 463196),
  (7, 136, "2023-10-24 00:27:00", "2023-10-24 01:23:00", 398284),
  (7, 56, "2023-10-24 02:05:00", "2023-10-24 02:40:00", 405871),
  (7, 78, "2023-10-24 04:43:00", "2023-10-24 05:33:00", 935923),
  (7, 101, "2023-10-24 06:49:00", "2023-10-24 07:39:00", 526544),
  (7, 136, "2023-10-24 08:26:00", "2023-10-24 09:25:00", 678188),
  (7, 56, "2023-10-24 10:48:00", "2023-10-24 11:23:00", 130462),
  (7, 78, "2023-10-24 12:07:00", "2023-10-24 13:03:00", 559385),
  (7, 101, "2023-10-24 14:48:00", "2023-10-24 15:27:00", 57730),
  (7, 136, "2023-10-24 16:43:00", "2023-10-24 17:33:00", 819906),
  (7, 56, "2023-10-24 18:27:00", "2023-10-24 18:57:00", 725504),
  (7, 78, "2023-10-24 20:43:00", "2023-10-24 21:28:00", 641954),
  (7, 101, "2023-10-24 22:31:00", "2023-10-24 23:12:00", 710201),
  (7, 136, "2023-10-25 00:20:00", "2023-10-25 01:07:00", 180952),
  (9, 57, "2023-10-23 02:48:00", "2023-10-23 03:43:00", 81840),
  (9, 79, "2023-10-23 04:08:00", "2023-10-23 04:38:00", 971614),
  (9, 102, "2023-10-23 06:08:00", "2023-10-23 06:48:00", 940809),
  (9, 137, "2023-10-23 08:29:00", "2023-10-23 09:12:00", 60403),
  (9, 57, "2023-10-23 10:10:00", "2023-10-23 10:48:00", 297269),
  (9, 79, "2023-10-23 12:22:00", "2023-10-23 13:08:00", 66736),
  (9, 102, "2023-10-23 14:33:00", "2023-10-23 15:25:00", 708982),
  (9, 137, "2023-10-23 16:27:00", "2023-10-23 17:22:00", 627891),
  (9, 57, "2023-10-23 18:24:00", "2023-10-23 19:13:00", 446612),
  (9, 79, "2023-10-23 20:48:00", "2023-10-23 21:19:00", 702215),
  (9, 102, "2023-10-23 22:09:00", "2023-10-23 23:01:00", 455365),
  (9, 137, "2023-10-24 00:37:00", "2023-10-24 01:29:00", 738420),
  (9, 57, "2023-10-24 02:18:00", "2023-10-24 03:05:00", 363125),
  (9, 79, "2023-10-24 04:46:00", "2023-10-24 05:30:00", 996213),
  (9, 102, "2023-10-24 06:39:00", "2023-10-24 07:32:00", 547150),
  (9, 137, "2023-10-24 08:21:00", "2023-10-24 08:59:00", 955975),
  (9, 57, "2023-10-24 10:04:00", "2023-10-24 10:59:00", 503812),
  (9, 79, "2023-10-24 12:37:00", "2023-10-24 13:27:00", 140861),
  (9, 102, "2023-10-24 14:59:00", "2023-10-24 15:29:00", 257986),
  (9, 137, "2023-10-24 16:01:00", "2023-10-24 16:47:00", 254537),
  (9, 57, "2023-10-24 18:31:00", "2023-10-24 19:05:00", 610010),
  (9, 79, "2023-10-24 20:13:00", "2023-10-24 20:44:00", 462242),
  (9, 102, "2023-10-24 22:47:00", "2023-10-24 23:31:00", 172942),
  (9, 137, "2023-10-25 00:29:00", "2023-10-25 01:01:00", 817496),
  (10, 58, "2023-10-23 02:12:00", "2023-10-23 03:05:00", 666046),
  (10, 80, "2023-10-23 04:29:00", "2023-10-23 05:20:00", 871163),
  (10, 103, "2023-10-23 06:41:00", "2023-10-23 07:35:00", 721644),
  (10, 138, "2023-10-23 08:28:00", "2023-10-23 09:23:00", 528270),
  (10, 58, "2023-10-23 10:50:00", "2023-10-23 11:34:00", 687077),
  (10, 80, "2023-10-23 12:02:00", "2023-10-23 12:44:00", 638105),
  (10, 103, "2023-10-23 14:12:00", "2023-10-23 15:01:00", 960491),
  (10, 138, "2023-10-23 16:34:00", "2023-10-23 17:09:00", 616869),
  (10, 58, "2023-10-23 18:29:00", "2023-10-23 19:21:00", 577171),
  (10, 80, "2023-10-23 20:10:00", "2023-10-23 21:00:00", 303532),
  (10, 103, "2023-10-23 22:32:00", "2023-10-23 23:17:00", 99889),
  (10, 138, "2023-10-24 00:44:00", "2023-10-24 01:31:00", 103927),
  (10, 58, "2023-10-24 02:29:00", "2023-10-24 03:20:00", 546524),
  (10, 80, "2023-10-24 04:11:00", "2023-10-24 04:41:00", 492621),
  (10, 103, "2023-10-24 06:04:00", "2023-10-24 06:52:00", 68860),
  (10, 138, "2023-10-24 08:31:00", "2023-10-24 09:27:00", 664073),
  (10, 58, "2023-10-24 10:08:00", "2023-10-24 11:06:00", 8486),
  (10, 80, "2023-10-24 12:06:00", "2023-10-24 13:02:00", 548661),
  (10, 103, "2023-10-24 14:13:00", "2023-10-24 14:50:00", 870572),
  (10, 138, "2023-10-24 16:49:00", "2023-10-24 17:46:00", 368757),
  (11, 59, "2023-10-23 02:18:00", "2023-10-23 03:17:00", 917383),
  (11, 81, "2023-10-23 04:21:00", "2023-10-23 05:05:00", 403826),
  (11, 104, "2023-10-23 06:47:00", "2023-10-23 07:23:00", 63267),
  (11, 139, "2023-10-23 08:20:00", "2023-10-23 09:10:00", 431334),
  (11, 59, "2023-10-23 10:38:00", "2023-10-23 11:16:00", 353772),
  (11, 81, "2023-10-23 12:03:00", "2023-10-23 12:36:00", 789122),
  (11, 104, "2023-10-23 14:11:00", "2023-10-23 14:48:00", 669316),
  (11, 139, "2023-10-23 16:39:00", "2023-10-23 17:14:00", 506580),
  (11, 59, "2023-10-23 18:08:00", "2023-10-23 19:01:00", 343074),
  (11, 81, "2023-10-23 20:02:00", "2023-10-23 20:52:00", 16272),
  (11, 104, "2023-10-23 22:53:00", "2023-10-23 23:32:00", 291920),
  (11, 139, "2023-10-24 00:27:00", "2023-10-24 01:12:00", 865102),
  (11, 59, "2023-10-24 02:07:00", "2023-10-24 02:54:00", 975230),
  (11, 81, "2023-10-24 04:18:00", "2023-10-24 05:11:00", 760115),
  (11, 104, "2023-10-24 06:36:00", "2023-10-24 07:14:00", 708964),
  (11, 139, "2023-10-24 09:00:00", "2023-10-24 09:37:00", 638182),
  (11, 59, "2023-10-24 10:10:00", "2023-10-24 10:46:00", 14328),
  (11, 81, "2023-10-24 12:08:00", "2023-10-24 12:44:00", 259857),
  (11, 104, "2023-10-24 14:46:00", "2023-10-24 15:32:00", 146222),
  (11, 139, "2023-10-24 16:53:00", "2023-10-24 17:47:00", 225027),
  (12, 60, "2023-10-23 02:27:00", "2023-10-23 03:03:00", 710357),
  (12, 82, "2023-10-23 04:15:00", "2023-10-23 05:02:00", 756688),
  (12, 105, "2023-10-23 06:03:00", "2023-10-23 06:50:00", 195823),
  (12, 140, "2023-10-23 08:22:00", "2023-10-23 08:56:00", 945111),
  (12, 60, "2023-10-23 10:56:00", "2023-10-23 11:56:00", 499472),
  (12, 82, "2023-10-23 12:15:00", "2023-10-23 13:06:00", 273058),
  (12, 105, "2023-10-23 14:09:00", "2023-10-23 15:06:00", 895477),
  (12, 140, "2023-10-23 16:03:00", "2023-10-23 16:53:00", 720148),
  (12, 60, "2023-10-23 18:31:00", "2023-10-23 19:14:00", 988801),
  (12, 82, "2023-10-23 20:04:00", "2023-10-23 20:54:00", 861693),
  (12, 105, "2023-10-23 22:42:00", "2023-10-23 23:36:00", 750374),
  (12, 140, "2023-10-24 00:20:00", "2023-10-24 00:51:00", 793904),
  (12, 60, "2023-10-24 02:20:00", "2023-10-24 03:03:00", 164291),
  (12, 82, "2023-10-24 04:25:00", "2023-10-24 05:21:00", 142890),
  (12, 105, "2023-10-24 06:33:00", "2023-10-24 07:05:00", 34544),
  (12, 140, "2023-10-24 08:47:00", "2023-10-24 09:33:00", 588159),
  (12, 60, "2023-10-24 10:19:00", "2023-10-24 11:00:00", 196293),
  (12, 82, "2023-10-24 12:51:00", "2023-10-24 13:33:00", 394432),
  (12, 105, "2023-10-24 14:03:00", "2023-10-24 14:36:00", 881795),
  (12, 140, "2023-10-24 16:33:00", "2023-10-24 17:28:00", 934224),
  (13, 61, "2023-10-23 02:13:00", "2023-10-23 03:06:00", 279197),
  (13, 83, "2023-10-23 04:20:00", "2023-10-23 04:56:00", 599756),
  (13, 106, "2023-10-23 06:23:00", "2023-10-23 07:21:00", 564346),
  (13, 141, "2023-10-23 08:20:00", "2023-10-23 09:00:00", 471432),
  (13, 61, "2023-10-23 10:46:00", "2023-10-23 11:44:00", 295899),
  (13, 83, "2023-10-23 12:49:00", "2023-10-23 13:27:00", 513114),
  (13, 106, "2023-10-23 14:01:00", "2023-10-23 14:57:00", 274481),
  (13, 141, "2023-10-23 16:09:00", "2023-10-23 17:07:00", 637725),
  (13, 61, "2023-10-23 18:51:00", "2023-10-23 19:28:00", 612193),
  (13, 83, "2023-10-23 20:14:00", "2023-10-23 20:58:00", 508968),
  (13, 106, "2023-10-23 22:31:00", "2023-10-23 23:10:00", 988179),
  (13, 141, "2023-10-24 00:09:00", "2023-10-24 01:09:00", 254400),
  (13, 61, "2023-10-24 02:29:00", "2023-10-24 03:14:00", 72694),
  (13, 83, "2023-10-24 04:21:00", "2023-10-24 05:09:00", 305358),
  (13, 106, "2023-10-24 06:52:00", "2023-10-24 07:40:00", 149807),
  (13, 141, "2023-10-24 08:29:00", "2023-10-24 09:21:00", 603408),
  (13, 61, "2023-10-24 10:44:00", "2023-10-24 11:29:00", 910036),
  (13, 83, "2023-10-24 12:28:00", "2023-10-24 13:08:00", 165156),
  (13, 106, "2023-10-24 14:19:00", "2023-10-24 14:52:00", 326064),
  (13, 141, "2023-10-24 16:20:00", "2023-10-24 16:51:00", 544573),
  (14, 52, "2023-10-23 02:36:00", "2023-10-23 03:19:00", 715989),
  (14, 63, "2023-10-23 04:35:00", "2023-10-23 05:15:00", 297736),
  (14, 65, "2023-10-23 06:22:00", "2023-10-23 07:03:00", 135172),
  (14, 71, "2023-10-23 08:23:00", "2023-10-23 09:10:00", 421658),
  (14, 73, "2023-10-23 10:54:00", "2023-10-23 11:39:00", 364313),
  (14, 76, "2023-10-23 12:40:00", "2023-10-23 13:14:00", 581421),
  (14, 85, "2023-10-23 14:10:00", "2023-10-23 14:54:00", 827108),
  (14, 88, "2023-10-23 16:08:00", "2023-10-23 16:40:00", 15218),
  (14, 94, "2023-10-23 18:07:00", "2023-10-23 18:44:00", 956158),
  (14, 96, "2023-10-23 20:16:00", "2023-10-23 21:10:00", 492050),
  (14, 99, "2023-10-23 22:02:00", "2023-10-23 22:37:00", 658660),
  (14, 108, "2023-10-24 00:59:00", "2023-10-24 01:34:00", 802469),
  (14, 111, "2023-10-24 02:41:00", "2023-10-24 03:25:00", 334604),
  (14, 117, "2023-10-24 04:50:00", "2023-10-24 05:23:00", 891193),
  (14, 119, "2023-10-24 06:09:00", "2023-10-24 06:51:00", 999201),
  (14, 122, "2023-10-24 08:44:00", "2023-10-24 09:33:00", 165624),
  (14, 124, "2023-10-24 10:13:00", "2023-10-24 11:03:00", 398912),
  (14, 127, "2023-10-24 12:54:00", "2023-10-24 13:34:00", 900169),
  (14, 142, "2023-10-24 14:37:00", "2023-10-24 15:15:00", 393056),
  (14, 145, "2023-10-24 16:17:00", "2023-10-24 16:53:00", 179589),
  (15, 62, "2023-10-23 03:00:00", "2023-10-23 03:56:00", 660020),
  (15, 66, "2023-10-23 04:07:00", "2023-10-23 04:57:00", 62671),
  (15, 72, "2023-10-23 06:18:00", "2023-10-23 07:16:00", 446725),
  (15, 84, "2023-10-23 08:39:00", "2023-10-23 09:34:00", 746636),
  (15, 89, "2023-10-23 10:28:00", "2023-10-23 11:18:00", 365921),
  (15, 95, "2023-10-23 12:04:00", "2023-10-23 12:42:00", 58403),
  (15, 107, "2023-10-23 14:45:00", "2023-10-23 15:37:00", 664344),
  (15, 112, "2023-10-23 16:25:00", "2023-10-23 17:06:00", 579008),
  (15, 118, "2023-10-23 18:52:00", "2023-10-23 19:48:00", 356875),
  (15, 123, "2023-10-23 20:48:00", "2023-10-23 21:23:00", 582484),
  (15, 128, "2023-10-23 22:15:00", "2023-10-23 22:48:00", 665571),
  (15, 143, "2023-10-24 00:23:00", "2023-10-24 01:13:00", 811952),
  (15, 146, "2023-10-24 02:03:00", "2023-10-24 02:51:00", 856110),
  (15, 62, "2023-10-24 04:48:00", "2023-10-24 05:46:00", 777370),
  (15, 66, "2023-10-24 06:16:00", "2023-10-24 07:10:00", 619178),
  (15, 72, "2023-10-24 08:01:00", "2023-10-24 08:56:00", 173573),
  (15, 84, "2023-10-24 10:52:00", "2023-10-24 11:48:00", 694805),
  (15, 89, "2023-10-24 12:32:00", "2023-10-24 13:27:00", 576021),
  (15, 95, "2023-10-24 14:07:00", "2023-10-24 14:45:00", 604213),
  (15, 107, "2023-10-24 16:10:00", "2023-10-24 16:47:00", 916496),
  (15, 112, "2023-10-24 18:57:00", "2023-10-24 19:53:00", 462217),
  (15, 118, "2023-10-24 20:01:00", "2023-10-24 20:31:00", 643619),
  (15, 123, "2023-10-24 22:37:00", "2023-10-24 23:22:00", 618735),
  (15, 128, "2023-10-25 00:54:00", "2023-10-25 01:31:00", 55141),
  (15, 143, "2023-10-25 02:27:00", "2023-10-25 03:12:00", 950194),
  (15, 146, "2023-10-25 04:32:00", "2023-10-25 05:02:00", 731947)
;

COMMIT;
